"gid","nom_dept","nom_com","nom_station","code_station","typologie","influence","ozone","mois","annee","X","Y","no2","pm10","s02"
20,"LOIRE","Saint-Ã‰tienne","SAINT ETIENNE SUD","FR29424","urban","Fond",78.9,4,2018,4.395419639,45.4201064,13.2,13.7,
27,"HAUTE-SAVOIE","Chamonix-Mont-Blanc","CHAMONIX","FR33120","urban","Fond",35.5,2,2018,6.869996699,45.92253686,34.0,22.2,
110,"ISERE","Grenoble","Villeneuve","FR15008","suburban","Fond",,1,2018,5.736395372,45.16140417,,,
3,"ISERE","Grenoble","Grenoble Les Frenes","FR15043","urban","Fond",63.4,9,2018,5.735603366,45.16187407,15.3,17.7,0.2
106,"LOIRE","Firminy","FIRMINY","FR29425","urban","Fond",,11,2018,4.281682417,45.38796299,,,
8,"RHONE","Vaulx-en-Velin","VAULX EN VELIN","FR20046","urban","Fond",68.3,6,2018,4.924700509,45.77887089,10.1,12.1,
29,"HAUTE-SAVOIE","Saint-Germain-sur-RhÃ´ne","St Germain/RhÃ´ne","FR33302","rural-nearcity","Fond",29.1,11,2018,5.820837783,46.07223918,11.5,14.4,0.1
5,"ISERE","Grenoble","Grenoble Les Frenes","FR15043","urban","Fond",43.1,3,2018,5.735603366,45.16187407,23.4,14.1,0.6
13,"ISERE","Roussillon","ROUSSILLON","FR27002","urban","Fond",41.9,10,2018,4.805142184,45.36778213,24.2,18.8,
10,"RHONE","Vaulx-en-Velin","VAULX EN VELIN","FR20046","urban","Fond",27.8,12,2017,4.924700509,45.77887089,22.2,15.1,
33,"HAUTE-SAVOIE","Saint-Germain-sur-RhÃ´ne","St Germain/RhÃ´ne","FR33302","rural-nearcity","Fond",71.2,5,2018,5.820837783,46.07223918,4.9,14.1,0.3
57,"ISERE","Vienne","Vienne Estressin","FR27102","suburban","Fond",,10,2018,4.863904251,45.53975628,,,
107,"LOIRE","Firminy","FIRMINY","FR29425","urban","Fond",,5,2018,4.281682417,45.38796299,,,
21,"LOIRE","Saint-Chamond","SAINT-CHAMOND","FR29426","urban","Fond",27.6,12,2017,4.514999613,45.47529369,32.2,13.8,
6,"RHONE","Pusignan","SAINT EXUPERY","FR20048","suburban","Fond",89.8,8,2018,5.070377771,45.75485265,6.9,13.7,
17,"LOIRE","Saint-Ã‰tienne","SAINT ETIENNE SUD","FR29424","urban","Fond",48.0,10,2018,4.395419639,45.4201064,20.6,17.9,
56,"ISERE","Vienne","Vienne Estressin","FR27102","suburban","Fond",,4,2018,4.863904251,45.53975628,,,
98,"ISERE","Vienne","Vienne Centre","FR27004","urban","Fond",,12,2017,4.875409555,45.52596386,,,
9,"RHONE","Ternay","TERNAY","FR20037","suburban","Fond",65.2,5,2018,4.802195719,45.60192128,12.3,17.5,
70,"ISERE","Fontaine","Fontaine Les Balmes","FR15017","urban","Fond",,9,2018,5.686968799,45.19044442,,,
11,"RHONE","Vaulx-en-Velin","VAULX EN VELIN","FR20046","urban","Fond",20.2,12,2018,4.924700509,45.77887089,25.8,19.0,
128,"LOIRE","Veauche","VEAUCHE","FR29427","suburban","Industrielle",,4,2018,4.298550264,45.56581455,,,
4,"ISERE","Saint-Martin-d'HÃ¨res","St Martin dHeres","FR15038","urban","Fond",10.3,12,2018,5.75310114,45.18279644,38.6,23.1,
23,"SAVOIE","ChambÃ©ry","CHAMBERY LE HAUT","FR33102","urban","Fond",77.3,4,2018,5.918616424,45.59668502,11.7,15.0,
16,"HAUTE-SAVOIE","Chamonix-Mont-Blanc","CHAMONIX","FR33120","urban","Fond",57.3,8,2018,6.869996699,45.92253686,15.8,13.0,
6,"RHONE","Lyon","GERLAND","FR20017","urban","Fond",64.2,6,2018,4.829800054,45.73532325,14.8,16.1,
12,"RHONE","Lyon","LYON Centre","FR20062","urban","Fond",79.6,4,2018,4.853725888,45.75799123,20.9,18.0,
40,"PUY-DE-DOME","Clermont-Ferrand","Jardin Lecoq","FR07009","urban","Fond",30.7,11,2018,3.087501101,45.77219697,26.7,,
87,"RHONE","Villeurbanne","CROIX LUIZET","FR20020","urban","Fond",,9,2018,4.894029845,45.77641745,,,
39,"LOIRE","Saint-Chamond","SAINT-CHAMOND","FR29426","urban","Fond",20.8,12,2018,4.514999613,45.47529369,34.1,16.2,
27,"HAUTE-SAVOIE","Annecy","LOVERCHY","FR33201","urban","Fond",22.7,12,2017,6.118449775,45.89538066,30.3,19.8,
99,"ISERE","Vienne","Vienne Centre","FR27004","urban","Fond",,12,2018,4.875409555,45.52596386,,,
16,"LOIRE","Roanne","ROANNE","FR29423","urban","Fond",30.0,11,2018,4.074653898,46.04106794,23.8,13.4,
129,"LOIRE","Veauche","VEAUCHE","FR29427","suburban","Industrielle",,5,2018,4.298550264,45.56581455,,,
9,"RHONE","Vaulx-en-Velin","VAULX EN VELIN","FR20046","urban","Fond",28.4,1,2018,4.924700509,45.77887089,24.0,13.8,
28,"HAUTE-SAVOIE","Saint-Germain-sur-RhÃ´ne","St Germain/RhÃ´ne","FR33302","rural-nearcity","Fond",77.4,6,2018,5.820837783,46.07223918,4.2,13.7,-0.2
20,"SAVOIE","ChambÃ©ry","PASTEUR","FR33101","urban","Fond",69.9,6,2018,5.928435518,45.56462103,11.2,11.6,
28,"HAUTE-SAVOIE","Annemasse","ANNEMASSE","FR33211","urban","Fond",71.7,4,2018,6.240562703,46.19584661,18.4,18.2,
32,"HAUTE-SAVOIE","Passy","PASSY","FR33220","suburban","Fond",31.6,2,2018,6.713642902,45.9235436,23.9,30.0,
32,"DROME","Valence","Valence Urb. Centre","FR36002","urban","Fond",24.4,11,2018,4.893674494,44.93318986,25.7,17.7,
92,"PUY-DE-DOME","Clermont-Ferrand","Centre Ville","FR07003","urban","Fond",,7,2018,3.083334107,45.77364091,,,
18,"LOIRE","Saint-Chamond","SAINT-CHAMOND","FR29426","urban","Fond",64.5,6,2018,4.514999613,45.47529369,16.2,10.6,
39,"PUY-DE-DOME","Clermont-Ferrand","Montferrand","FR07004","urban","Fond",62.8,3,2018,3.113828888,45.79729717,17.3,,
56,"HAUTE-SAVOIE","Passy","PASSY","FR33220","suburban","Fond",45.8,3,2018,6.713642902,45.9235436,22.7,23.1,
110,"ISERE","Grenoble","Villeneuve","FR15008","suburban","Fond",,7,2018,5.736395372,45.16140417,,,
106,"LOIRE","Firminy","FIRMINY","FR29425","urban","Fond",,4,2018,4.281682417,45.38796299,,,
23,"SAVOIE","ChambÃ©ry","PASTEUR","FR33101","urban","Fond",23.9,12,2017,5.928435518,45.56462103,33.0,17.3,
21,"LOIRE","Roanne","ROANNE","FR29423","urban","Fond",66.5,5,2018,4.074653898,46.04106794,13.4,11.6,
8,"RHONE","Lyon","GERLAND","FR20017","urban","Fond",32.1,12,2017,4.829800054,45.73532325,30.7,15.0,
62,"RHONE","Villefranche-sur-SaÃ´ne","VILLEFRANCHE Village","FR20061","urban","Fond",,3,2018,4.719285546,45.98637779,,,
20,"SAVOIE","ChambÃ©ry","PASTEUR","FR33101","urban","Fond",92.1,7,2018,5.928435518,45.56462103,11.9,12.9,
89,"RHONE","Villeurbanne","CROIX LUIZET","FR20020","urban","Fond",,3,2018,4.894029845,45.77641745,,,
91,"PUY-DE-DOME","Clermont-Ferrand","Centre Ville","FR07003","urban","Fond",,6,2018,3.083334107,45.77364091,,,
42,"PUY-DE-DOME","Clermont-Ferrand","Montferrand","FR07004","urban","Fond",44.1,10,2018,3.113828888,45.79729717,22.4,,
21,"SAVOIE","ChambÃ©ry","CHAMBERY LE HAUT","FR33102","urban","Fond",41.0,10,2018,5.918616424,45.59668502,19.5,,
4,"ISERE","Saint-Martin-d'HÃ¨res","St Martin dHeres","FR15038","urban","Fond",51.1,5,2018,5.75310114,45.18279644,13.1,15.6,
70,"ISERE","Fontaine","Fontaine Les Balmes","FR15017","urban","Fond",,8,2018,5.686968799,45.19044442,,,
21,"HAUTE-SAVOIE","Chamonix-Mont-Blanc","CHAMONIX","FR33120","urban","Fond",45.8,9,2018,6.869996699,45.92253686,16.5,15.4,
111,"ISERE","Grenoble","Villeneuve","FR15008","suburban","Fond",,8,2018,5.736395372,45.16140417,,,
60,"RHONE","Villefranche-sur-SaÃ´ne","VILLEFRANCHE Village","FR20061","urban","Fond",,4,2018,4.719285546,45.98637779,,,
37,"PUY-DE-DOME","Clermont-Ferrand","Jardin Lecoq","FR07009","urban","Fond",77.3,4,2018,3.087501101,45.77219697,15.0,12.6,
42,"PUY-DE-DOME","Clermont-Ferrand","Montferrand","FR07004","urban","Fond",61.4,9,2018,3.113828888,45.79729717,19.1,,
38,"SAVOIE","ChambÃ©ry","CHAMBERY LE HAUT","FR33102","urban","Fond",15.7,11,2018,5.918616424,45.59668502,24.7,,
112,"ISERE","Grenoble","Villeneuve","FR15008","suburban","Fond",,2,2018,5.736395372,45.16140417,,,
5,"ISERE","Grenoble","Grenoble Les Frenes","FR15043","urban","Fond",30.6,10,2018,5.735603366,45.16187407,22.3,18.6,0.8
61,"RHONE","Villefranche-sur-SaÃ´ne","VILLEFRANCHE Village","FR20061","urban","Fond",,10,2018,4.719285546,45.98637779,,,
33,"HAUTE-SAVOIE","Saint-Germain-sur-RhÃ´ne","St Germain/RhÃ´ne","FR33302","rural-nearcity","Fond",34.5,12,2018,5.820837783,46.07223918,11.2,12.5,0.1
36,"DROME","Valence","Valence Urb. Centre","FR36002","urban","Fond",66.6,5,2018,4.893674494,44.93318986,15.2,15.3,
27,"HAUTE-SAVOIE","Annemasse","ANNEMASSE","FR33211","urban","Fond",35.7,10,2018,6.240562703,46.19584661,25.6,22.2,
4,"ISERE","Saint-Martin-d'HÃ¨res","St Martin dHeres","FR15038","urban","Fond",13.2,11,2018,5.75310114,45.18279644,30.5,21.9,
24,"SAVOIE","Saint-Jean-de-Maurienne","SAINT JEAN","FR33111","urban","Fond",24.2,12,2017,6.349723082,45.27471893,31.5,14.6,10.3
28,"HAUTE-SAVOIE","Annecy","LOVERCHY","FR33201","urban","Fond",16.0,12,2018,6.118449775,45.89538066,,19.3,
94,"PUY-DE-DOME","Clermont-Ferrand","Centre Ville","FR07003","urban","Fond",,12,2018,3.083334107,45.77364091,,,
72,"ISERE","Fontaine","Fontaine Les Balmes","FR15017","urban","Fond",,2,2018,5.686968799,45.19044442,,,
106,"LOIRE","Firminy","FIRMINY","FR29425","urban","Fond",,10,2018,4.281682417,45.38796299,,,
33,"DROME","Valence","Valence Urb. Centre","FR36002","urban","Fond",72.0,4,2018,4.893674494,44.93318986,17.9,15.6,
93,"PUY-DE-DOME","Clermont-Ferrand","Centre Ville","FR07003","urban","Fond",,12,2017,3.083334107,45.77364091,,,
36,"PUY-DE-DOME","Clermont-Ferrand","Montferrand","FR07004","urban","Fond",71.5,4,2018,3.113828888,45.79729717,15.2,,
61,"RHONE","Villefranche-sur-SaÃ´ne","VILLEFRANCHE Village","FR20061","urban","Fond",,9,2018,4.719285546,45.98637779,,,
27,"HAUTE-SAVOIE","Passy","PASSY","FR33220","suburban","Fond",60.1,9,2018,6.713642902,45.9235436,10.3,22.6,
132,"LOIRE","Saint-Ã‰tienne","COUBERTIN","FR29421","suburban","Fond",,5,2018,4.389781793,45.46673742,,,
10,"AIN","Miribel","COTIERE AIN","FR20047","suburban","Fond",34.3,1,2018,4.953959787,45.82322611,,12.8,
73,"RHONE","Lyon","GARIBALDI","FR20003","urban","Trafic",,10,2018,4.850295216,45.7681358,,,
108,"SAVOIE","Saint-Jean-de-Maurienne","SAINT JEAN","FR33111","urban","Fond",,6,2018,6.349723082,45.27471893,3.2,17.4,3.5
37,"RHONE","Lyon","LYON Centre","FR20062","urban","Fond",42.1,10,2018,4.853725888,45.75799123,25.9,22.5,
16,"ISERE","Roussillon","ROUSSILLON","FR27002","urban","Fond",69.5,5,2018,4.805142184,45.36778213,15.0,20.4,
128,"LOIRE","Veauche","VEAUCHE","FR29427","suburban","Industrielle",,11,2018,4.298550264,45.56581455,,,
51,"HAUTE-SAVOIE","Saint-Germain-sur-RhÃ´ne","St Germain/RhÃ´ne","FR33302","rural-nearcity","Fond",44.6,12,2017,5.820837783,46.07223918,12.9,14.0,0.7
87,"ISERE","Grenoble","Grenoble Les Frenes","FR15043","urban","Fond",,4,2018,5.735603366,45.16187407,14.6,17.0,-0.2
12,"ISERE","Roussillon","ROUSSILLON","FR27002","urban","Fond",23.0,11,2018,4.805142184,45.36778213,,19.3,
25,"SAVOIE","Saint-Jean-de-Maurienne","SAINT JEAN","FR33111","urban","Fond",21.6,12,2018,6.349723082,45.27471893,25.3,19.2,10.2
132,"LOIRE","Saint-Ã‰tienne","COUBERTIN","FR29421","suburban","Fond",,12,2018,4.389781793,45.46673742,,,
11,"RHONE","Pusignan","SAINT EXUPERY","FR20048","suburban","Fond",35.8,2,2018,5.070377771,45.75485265,17.2,21.3,
96,"ISERE","Vienne","Vienne Centre","FR27004","urban","Fond",,6,2018,4.875409555,45.52596386,,,
6,"RHONE","Ternay","TERNAY","FR20037","suburban","Fond",24.9,11,2018,4.802195719,45.60192128,23.5,25.1,
28,"AIN","Miribel","COTIERE AIN","FR20047","suburban","Fond",86.7,8,2018,4.953959787,45.82322611,5.0,10.5,
19,"HAUTE-SAVOIE","Passy","PASSY","FR33220","suburban","Fond",69.1,8,2018,6.713642902,45.9235436,7.8,14.8,
55,"SAVOIE","ChambÃ©ry","PASTEUR","FR33101","urban","Fond",18.9,12,2018,5.928435518,45.56462103,24.6,15.6,
14,"ISERE","Roussillon","ROUSSILLON","FR27002","urban","Fond",68.3,4,2018,4.805142184,45.36778213,20.5,19.7,
7,"RHONE","Vaulx-en-Velin","VAULX EN VELIN","FR20046","urban","Fond",84.1,7,2018,4.924700509,45.77887089,12.9,,
39,"PUY-DE-DOME","Clermont-Ferrand","Jardin Lecoq","FR07009","urban","Fond",68.6,5,2018,3.087501101,45.77219697,16.1,,
128,"LOIRE","Veauche","VEAUCHE","FR29427","suburban","Industrielle",,10,2018,4.298550264,45.56581455,,,
8,"AIN","Miribel","COTIERE AIN","FR20047","suburban","Fond",98.9,7,2018,4.953959787,45.82322611,10.1,13.2,
23,"HAUTE-SAVOIE","Annecy","LOVERCHY","FR33201","urban","Fond",65.5,6,2018,6.118449775,45.89538066,11.2,14.9,
131,"LOIRE","Saint-Ã‰tienne","COUBERTIN","FR29421","suburban","Fond",,11,2018,4.389781793,45.46673742,,,
58,"ISERE","Vienne","Vienne Estressin","FR27102","suburban","Fond",,3,2018,4.863904251,45.53975628,,,
9,"RHONE","Lyon","GERLAND","FR20017","urban","Fond",23.1,12,2018,4.829800054,45.73532325,42.6,20.2,
72,"RHONE","Lyon","GARIBALDI","FR20003","urban","Trafic",,4,2018,4.850295216,45.7681358,,,
53,"SAVOIE","Saint-Jean-de-Maurienne","SAINT JEAN","FR33111","urban","Fond",29.4,1,2018,6.349723082,45.27471893,25.9,14.4,10.5
16,"LOIRE","Roanne","ROANNE","FR29423","urban","Fond",62.8,6,2018,4.074653898,46.04106794,12.7,10.3,
25,"HAUTE-SAVOIE","Annemasse","ANNEMASSE","FR33211","urban","Fond",83.1,6,2018,6.240562703,46.19584661,9.4,14.3,
31,"DROME","Valence","Valence Urb. Centre","FR36002","urban","Fond",76.4,6,2018,4.893674494,44.93318986,12.0,,
17,"HAUTE-SAVOIE","Annecy","LOVERCHY","FR33201","urban","Fond",76.6,8,2018,6.118449775,45.89538066,13.9,14.0,
38,"PUY-DE-DOME","Clermont-Ferrand","Montferrand","FR07004","urban","Fond",64.9,5,2018,3.113828888,45.79729717,16.9,,
36,"PUY-DE-DOME","Clermont-Ferrand","Jardin Lecoq","FR07009","urban","Fond",40.7,12,2017,3.087501101,45.77219697,26.6,11.1,
30,"HAUTE-SAVOIE","Passy","PASSY","FR33220","suburban","Fond",75.2,4,2018,6.713642902,45.9235436,11.0,17.7,
29,"HAUTE-SAVOIE","Passy","PASSY","FR33220","suburban","Fond",33.9,10,2018,6.713642902,45.9235436,17.4,23.4,
132,"LOIRE","Saint-Ã‰tienne","COUBERTIN","FR29421","suburban","Fond",,1,2018,4.389781793,45.46673742,,,
9,"AIN","Miribel","COTIERE AIN","FR20047","suburban","Fond",67.4,9,2018,4.953959787,45.82322611,7.6,14.2,
62,"RHONE","Villefranche-sur-SaÃ´ne","VILLEFRANCHE Village","FR20061","urban","Fond",,5,2018,4.719285546,45.98637779,,,
32,"DROME","Valence","Valence Urb. Centre","FR36002","urban","Fond",29.9,12,2017,4.893674494,44.93318986,26.9,15.1,
36,"DROME","Valence","Valence Urb. Centre","FR36002","urban","Fond",21.5,12,2018,4.893674494,44.93318986,28.5,18.0,
110,"ISERE","Grenoble","Villeneuve","FR15008","suburban","Fond",,9,2018,5.736395372,45.16140417,,,
70,"ISERE","Fontaine","Fontaine Les Balmes","FR15017","urban","Fond",,10,2018,5.686968799,45.19044442,,,
22,"SAVOIE","Saint-Jean-de-Maurienne","SAINT JEAN","FR33111","urban","Fond",86.6,7,2018,6.349723082,45.27471893,6.9,19.4,4.8
113,"SAVOIE","ChambÃ©ry","CHAMBERY LE HAUT","FR33102","urban","Fond",,12,2017,5.918616424,45.59668502,26.8,18.1,
15,"RHONE","Lyon","LYON Centre","FR20062","urban","Fond",24.1,12,2018,4.853725888,45.75799123,34.6,,
80,"RHONE","Pusignan","SAINT EXUPERY","FR20048","suburban","Fond",,3,2018,5.070377771,45.75485265,16.7,13.6,
107,"ISERE","Saint-Martin-d'HÃ¨res","St Martin dHeres","FR15038","urban","Fond",,12,2017,5.75310114,45.18279644,,,
88,"RHONE","Villeurbanne","CROIX LUIZET","FR20020","urban","Fond",,5,2018,4.894029845,45.77641745,,,
93,"PUY-DE-DOME","Clermont-Ferrand","Centre Ville","FR07003","urban","Fond",,8,2018,3.083334107,45.77364091,,,
24,"SAVOIE","ChambÃ©ry","CHAMBERY LE HAUT","FR33102","urban","Fond",24.6,12,2018,5.918616424,45.59668502,26.6,16.8,
69,"RHONE","Lyon","GARIBALDI","FR20003","urban","Trafic",,6,2018,4.850295216,45.7681358,,,
26,"HAUTE-SAVOIE","Annemasse","ANNEMASSE","FR33211","urban","Fond",14.3,11,2018,6.240562703,46.19584661,26.8,21.0,
5,"RHONE","Lyon","GERLAND","FR20017","urban","Fond",77.8,7,2018,4.829800054,45.73532325,20.5,20.3,
7,"RHONE","Lyon","GERLAND","FR20017","urban","Fond",30.7,1,2018,4.829800054,45.73532325,32.9,14.7,
39,"PUY-DE-DOME","Clermont-Ferrand","Montferrand","FR07004","urban","Fond",30.1,11,2018,3.113828888,45.79729717,24.1,,
52,"ISERE","Vienne","Vienne Estressin","FR27102","suburban","Fond",,6,2018,4.863904251,45.53975628,,,
100,"ISERE","Vienne","Vienne Centre","FR27004","urban","Fond",,2,2018,4.875409555,45.52596386,,,
6,"RHONE","Ternay","TERNAY","FR20037","suburban","Fond",87.1,7,2018,4.802195719,45.60192128,16.2,19.2,
10,"AIN","Miribel","COTIERE AIN","FR20047","suburban","Fond",42.5,2,2018,4.953959787,45.82322611,,22.9,
51,"ISERE","Saint-Martin-d'HÃ¨res","St Martin dHeres","FR15038","urban","Fond",19.0,1,2018,5.75310114,45.18279644,38.4,14.7,
107,"LOIRE","Firminy","FIRMINY","FR29425","urban","Fond",,12,2018,4.281682417,45.38796299,,,
32,"SAVOIE","ChambÃ©ry","PASTEUR","FR33101","urban","Fond",68.0,8,2018,5.928435518,45.56462103,11.1,10.8,
30,"HAUTE-SAVOIE","Annemasse","ANNEMASSE","FR33211","urban","Fond",24.8,12,2018,6.240562703,46.19584661,27.0,15.3,
56,"RHONE","Vaulx-en-Velin","VAULX EN VELIN","FR20046","urban","Fond",34.3,2,2018,4.924700509,45.77887089,19.5,25.0,
29,"HAUTE-SAVOIE","Annecy","LOVERCHY","FR33201","urban","Fond",29.4,2,2018,6.118449775,45.89538066,28.2,26.0,
30,"HAUTE-SAVOIE","Annemasse","ANNEMASSE","FR33211","urban","Fond",68.1,5,2018,6.240562703,46.19584661,13.5,14.4,
21,"LOIRE","Roanne","ROANNE","FR29423","urban","Fond",32.8,12,2018,4.074653898,46.04106794,22.8,14.8,
26,"RHONE","Lyon","GERLAND","FR20017","urban","Fond",69.2,8,2018,4.829800054,45.73532325,23.1,16.2,
10,"RHONE","Lyon","LYON Centre","FR20062","urban","Fond",71.6,6,2018,4.853725888,45.75799123,17.1,16.3,
72,"RHONE","Lyon","GARIBALDI","FR20003","urban","Trafic",,12,2017,4.850295216,45.7681358,,,
59,"RHONE","Villefranche-sur-SaÃ´ne","VILLEFRANCHE Village","FR20061","urban","Fond",,11,2018,4.719285546,45.98637779,,,
131,"LOIRE","Saint-Ã‰tienne","COUBERTIN","FR29421","suburban","Fond",,7,2018,4.389781793,45.46673742,,,
7,"RHONE","Ternay","TERNAY","FR20037","suburban","Fond",69.7,6,2018,4.802195719,45.60192128,12.1,15.9,
85,"RHONE","Villeurbanne","CROIX LUIZET","FR20020","urban","Fond",,11,2018,4.894029845,45.77641745,,,
11,"AIN","Miribel","COTIERE AIN","FR20047","suburban","Fond",57.4,3,2018,4.953959787,45.82322611,,10.5,
97,"ISERE","Vienne","Vienne Centre","FR27004","urban","Fond",,7,2018,4.875409555,45.52596386,,,
10,"RHONE","Ternay","TERNAY","FR20037","suburban","Fond",27.6,12,2018,4.802195719,45.60192128,24.0,24.6,
14,"RHONE","Lyon","LYON Centre","FR20062","urban","Fond",74.0,5,2018,4.853725888,45.75799123,17.1,19.6,
15,"ISERE","Roussillon","ROUSSILLON","FR27002","urban","Fond",33.1,12,2017,4.805142184,45.36778213,25.5,18.5,
8,"RHONE","Lyon","GERLAND","FR20017","urban","Fond",31.5,2,2018,4.829800054,45.73532325,34.3,23.0,
10,"RHONE","Pusignan","SAINT EXUPERY","FR20048","suburban","Fond",87.5,4,2018,5.070377771,45.75485265,9.6,14.7,
129,"LOIRE","Veauche","VEAUCHE","FR29427","suburban","Industrielle",,12,2017,4.298550264,45.56581455,,,
128,"LOIRE","Veauche","VEAUCHE","FR29427","suburban","Industrielle",,6,2018,4.298550264,45.56581455,,,
12,"ISERE","Roussillon","ROUSSILLON","FR27002","urban","Fond",73.5,6,2018,4.805142184,45.36778213,12.6,18.9,
86,"RHONE","Villeurbanne","CROIX LUIZET","FR20020","urban","Fond",,4,2018,4.894029845,45.77641745,,,
32,"HAUTE-SAVOIE","Saint-Germain-sur-RhÃ´ne","St Germain/RhÃ´ne","FR33302","rural-nearcity","Fond",46.8,1,2018,5.820837783,46.07223918,9.9,15.1,0.7
15,"SAVOIE","Saint-Jean-de-Maurienne","SAINT JEAN","FR33111","urban","Fond",64.7,8,2018,6.349723082,45.27471893,5.3,15.7,5.3
10,"RHONE","Lyon","LYON Centre","FR20062","urban","Fond",22.6,11,2018,4.853725888,45.75799123,33.8,22.2,
132,"LOIRE","Saint-Ã‰tienne","COUBERTIN","FR29421","suburban","Fond",,12,2017,4.389781793,45.46673742,,,
25,"SAVOIE","ChambÃ©ry","CHAMBERY LE HAUT","FR33102","urban","Fond",67.0,5,2018,5.918616424,45.59668502,7.6,14.2,
71,"RHONE","Lyon","GARIBALDI","FR20003","urban","Trafic",,11,2018,4.850295216,45.7681358,,,
11,"RHONE","Pusignan","SAINT EXUPERY","FR20048","suburban","Fond",56.0,10,2018,5.070377771,45.75485265,11.7,16.6,
27,"HAUTE-SAVOIE","Annecy","LOVERCHY","FR33201","urban","Fond",26.8,1,2018,6.118449775,45.89538066,28.4,18.7,
131,"LOIRE","Saint-Ã‰tienne","COUBERTIN","FR29421","suburban","Fond",,6,2018,4.389781793,45.46673742,,,
87,"RHONE","Villeurbanne","CROIX LUIZET","FR20020","urban","Fond",,10,2018,4.894029845,45.77641745,,,
74,"RHONE","Lyon","GARIBALDI","FR20003","urban","Trafic",,5,2018,4.850295216,45.7681358,,,
93,"PUY-DE-DOME","Clermont-Ferrand","Centre Ville","FR07003","urban","Fond",,1,2018,3.083334107,45.77364091,,,
129,"LOIRE","Veauche","VEAUCHE","FR29427","suburban","Industrielle",,12,2018,4.298550264,45.56581455,,,
20,"LOIRE","Saint-Ã‰tienne","SAINT ETIENNE SUD","FR29424","urban","Fond",37.2,12,2017,4.395419639,45.4201064,22.2,8.9,
16,"LOIRE","Roanne","ROANNE","FR29423","urban","Fond",78.9,7,2018,4.074653898,46.04106794,14.0,12.0,
28,"HAUTE-SAVOIE","Saint-Germain-sur-RhÃ´ne","St Germain/RhÃ´ne","FR33302","rural-nearcity","Fond",97.8,7,2018,5.820837783,46.07223918,4.8,16.8,-0.5
24,"HAUTE-SAVOIE","Chamonix-Mont-Blanc","CHAMONIX","FR33120","urban","Fond",84.4,4,2018,6.869996699,45.92253686,16.8,13.8,
104,"LOIRE","Firminy","FIRMINY","FR29425","urban","Fond",,6,2018,4.281682417,45.38796299,,,
24,"SAVOIE","ChambÃ©ry","PASTEUR","FR33101","urban","Fond",27.5,1,2018,5.928435518,45.56462103,27.0,14.1,
9,"RHONE","Ternay","TERNAY","FR20037","suburban","Fond",33.6,12,2017,4.802195719,45.60192128,21.2,16.0,
17,"LOIRE","Saint-Ã‰tienne","SAINT ETIENNE SUD","FR29424","urban","Fond",32.2,11,2018,4.395419639,45.4201064,24.9,12.8,
18,"LOIRE","Saint-Chamond","SAINT-CHAMOND","FR29426","urban","Fond",83.1,7,2018,4.514999613,45.47529369,17.7,13.3,
58,"ISERE","Vienne","Vienne Estressin","FR27102","suburban","Fond",,5,2018,4.863904251,45.53975628,,,
98,"ISERE","Vienne","Vienne Centre","FR27004","urban","Fond",,1,2018,4.875409555,45.52596386,,,
57,"ISERE","Vienne","Vienne Estressin","FR27102","suburban","Fond",,12,2018,4.863904251,45.53975628,,,
10,"RHONE","Pusignan","SAINT EXUPERY","FR20048","suburban","Fond",78.8,9,2018,5.070377771,45.75485265,11.5,14.2,
112,"ISERE","Grenoble","Villeneuve","FR15008","suburban","Fond",,3,2018,5.736395372,45.16140417,,,
86,"ISERE","Grenoble","Grenoble Les Frenes","FR15043","urban","Fond",,11,2018,5.735603366,45.16187407,25.8,19.5,1.5
5,"RHONE","Vaulx-en-Velin","VAULX EN VELIN","FR20046","urban","Fond",76.5,8,2018,4.924700509,45.77887089,8.1,,
17,"LOIRE","Saint-Ã‰tienne","SAINT ETIENNE SUD","FR29424","urban","Fond",67.1,6,2018,4.395419639,45.4201064,11.0,12.5,
8,"RHONE","Ternay","TERNAY","FR20037","suburban","Fond",36.4,1,2018,4.802195719,45.60192128,23.0,14.4,
3,"ISERE","Saint-Martin-d'HÃ¨res","St Martin dHeres","FR15038","urban","Fond",90.4,7,2018,5.75310114,45.18279644,14.6,20.9,
24,"SAVOIE","ChambÃ©ry","PASTEUR","FR33101","urban","Fond",33.2,2,2018,5.928435518,45.56462103,25.9,21.6,
25,"HAUTE-SAVOIE","Annecy","LOVERCHY","FR33201","urban","Fond",81.9,7,2018,6.118449775,45.89538066,18.2,17.6,
35,"PUY-DE-DOME","Clermont-Ferrand","Jardin Lecoq","FR07009","urban","Fond",65.4,6,2018,3.087501101,45.77219697,12.6,12.3,
71,"ISERE","Fontaine","Fontaine Les Balmes","FR15017","urban","Fond",,3,2018,5.686968799,45.19044442,,,
22,"LOIRE","Saint-Chamond","SAINT-CHAMOND","FR29426","urban","Fond",33.3,2,2018,4.514999613,45.47529369,29.9,19.7,
98,"ISERE","Vienne","Vienne Centre","FR27004","urban","Fond",,8,2018,4.875409555,45.52596386,,,
41,"PUY-DE-DOME","Clermont-Ferrand","Jardin Lecoq","FR07009","urban","Fond",35.5,12,2018,3.087501101,45.77219697,27.1,15.9,
22,"LOIRE","Saint-Ã‰tienne","SAINT ETIENNE SUD","FR29424","urban","Fond",31.9,12,2018,4.395419639,45.4201064,26.7,13.9,
31,"LOIRE","Saint-Chamond","SAINT-CHAMOND","FR29426","urban","Fond",73.2,8,2018,4.514999613,45.47529369,16.8,11.3,
69,"ISERE","Fontaine","Fontaine Les Balmes","FR15017","urban","Fond",,4,2018,5.686968799,45.19044442,,,
21,"SAVOIE","ChambÃ©ry","CHAMBERY LE HAUT","FR33102","urban","Fond",79.1,6,2018,5.918616424,45.59668502,6.8,13.1,
27,"HAUTE-SAVOIE","Chamonix-Mont-Blanc","CHAMONIX","FR33120","urban","Fond",54.9,3,2018,6.869996699,45.92253686,29.1,14.0,
105,"ISERE","Saint-Martin-d'HÃ¨res","St Martin dHeres","FR15038","urban","Fond",,6,2018,5.75310114,45.18279644,12.4,16.0,
5,"ISERE","Grenoble","Grenoble Les Frenes","FR15043","urban","Fond",52.1,5,2018,5.735603366,45.16187407,11.6,14.1,-0.9
17,"ISERE","Roussillon","ROUSSILLON","FR27002","urban","Fond",22.2,12,2018,4.805142184,45.36778213,23.7,20.6,
50,"LOIRE","Roanne","ROANNE","FR29423","urban","Fond",37.3,12,2017,4.074653898,46.04106794,20.8,10.6,
22,"LOIRE","Saint-Chamond","SAINT-CHAMOND","FR29426","urban","Fond",31.4,1,2018,4.514999613,45.47529369,31.6,10.0,
74,"RHONE","Lyon","GARIBALDI","FR20003","urban","Trafic",,12,2018,4.850295216,45.7681358,,,
95,"PUY-DE-DOME","Clermont-Ferrand","Centre Ville","FR07003","urban","Fond",,2,2018,3.083334107,45.77364091,,,
23,"HAUTE-SAVOIE","Chamonix-Mont-Blanc","CHAMONIX","FR33120","urban","Fond",34.0,10,2018,6.869996699,45.92253686,22.0,17.6,
106,"LOIRE","Firminy","FIRMINY","FR29425","urban","Fond",,12,2017,4.281682417,45.38796299,,,
22,"LOIRE","Saint-Ã‰tienne","SAINT ETIENNE SUD","FR29424","urban","Fond",67.2,5,2018,4.395419639,45.4201064,14.2,14.3,
55,"ISERE","Vienne","Vienne Estressin","FR27102","suburban","Fond",,11,2018,4.863904251,45.53975628,,,
106,"LOIRE","Firminy","FIRMINY","FR29425","urban","Fond",,8,2018,4.281682417,45.38796299,,,
85,"ISERE","Grenoble","Grenoble Les Frenes","FR15043","urban","Fond",,6,2018,5.735603366,45.16187407,9.9,14.8,-1.0
10,"RHONE","Vaulx-en-Velin","VAULX EN VELIN","FR20046","urban","Fond",50.0,3,2018,4.924700509,45.77887089,21.5,14.3,
20,"HAUTE-SAVOIE","Saint-Germain-sur-RhÃ´ne","St Germain/RhÃ´ne","FR33302","rural-nearcity","Fond",83.6,8,2018,5.820837783,46.07223918,4.3,11.8,-0.1
29,"HAUTE-SAVOIE","Annemasse","ANNEMASSE","FR33211","urban","Fond",28.1,12,2017,6.240562703,46.19584661,28.6,15.3,
111,"ISERE","Grenoble","Villeneuve","FR15008","suburban","Fond",,4,2018,5.736395372,45.16140417,,,
6,"RHONE","Lyon","GERLAND","FR20017","urban","Fond",50.4,9,2018,4.829800054,45.73532325,40.7,18.7,
8,"RHONE","Vaulx-en-Velin","VAULX EN VELIN","FR20046","urban","Fond",55.5,9,2018,4.924700509,45.77887089,20.8,17.7,
26,"HAUTE-SAVOIE","Chamonix-Mont-Blanc","CHAMONIX","FR33120","urban","Fond",68.0,5,2018,6.869996699,45.92253686,9.7,11.1,
87,"RHONE","Villeurbanne","CROIX LUIZET","FR20020","urban","Fond",,12,2017,4.894029845,45.77641745,,,
13,"RHONE","Lyon","LYON Centre","FR20062","urban","Fond",28.7,1,2018,4.853725888,45.75799123,31.0,14.0,
22,"LOIRE","Saint-Chamond","SAINT-CHAMOND","FR29426","urban","Fond",51.0,3,2018,4.514999613,45.47529369,26.8,9.6,
84,"RHONE","Villeurbanne","CROIX LUIZET","FR20020","urban","Fond",,6,2018,4.894029845,45.77641745,,,
110,"ISERE","Grenoble","Villeneuve","FR15008","suburban","Fond",,10,2018,5.736395372,45.16140417,,,
112,"SAVOIE","ChambÃ©ry","CHAMBERY LE HAUT","FR33102","urban","Fond",,1,2018,5.918616424,45.59668502,22.4,15.6,
8,"RHONE","Lyon","GERLAND","FR20017","urban","Fond",46.6,3,2018,4.829800054,45.73532325,31.9,15.6,
12,"ISERE","Roussillon","ROUSSILLON","FR27002","urban","Fond",84.5,7,2018,4.805142184,45.36778213,,21.9,
66,"ISERE","Fontaine","Fontaine Les Balmes","FR15017","urban","Fond",,6,2018,5.686968799,45.19044442,,,
129,"LOIRE","Veauche","VEAUCHE","FR29427","suburban","Industrielle",,1,2018,4.298550264,45.56581455,,,
56,"ISERE","Vienne","Vienne Estressin","FR27102","suburban","Fond",,1,2018,4.863904251,45.53975628,,,
98,"ISERE","Vienne","Vienne Centre","FR27004","urban","Fond",,9,2018,4.875409555,45.52596386,,,
9,"RHONE","Pusignan","SAINT EXUPERY","FR20048","suburban","Fond",38.5,11,2018,5.070377771,45.75485265,17.5,13.5,
17,"LOIRE","Saint-Ã‰tienne","SAINT ETIENNE SUD","FR29424","urban","Fond",87.1,7,2018,4.395419639,45.4201064,10.6,15.1,
19,"SAVOIE","ChambÃ©ry","PASTEUR","FR33101","urban","Fond",60.8,9,2018,5.928435518,45.56462103,18.9,13.1,
27,"RHONE","Ternay","TERNAY","FR20037","suburban","Fond",79.8,8,2018,4.802195719,45.60192128,12.7,17.1,
14,"RHONE","Lyon","LYON Centre","FR20062","urban","Fond",24.0,12,2017,4.853725888,45.75799123,30.0,15.6,
34,"DROME","Valence","Valence Urb. Centre","FR36002","urban","Fond",29.4,1,2018,4.893674494,44.93318986,30.1,15.0,
4,"ISERE","Grenoble","Grenoble Les Frenes","FR15043","urban","Fond",23.5,1,2018,5.735603366,45.16187407,30.8,16.2,1.3
30,"ISERE","Roussillon","ROUSSILLON","FR27002","urban","Fond",76.4,8,2018,4.805142184,45.36778213,19.7,18.3,
40,"PUY-DE-DOME","Clermont-Ferrand","Jardin Lecoq","FR07009","urban","Fond",44.2,2,2018,3.087501101,45.77219697,26.5,16.6,
36,"SAVOIE","Saint-Jean-de-Maurienne","SAINT JEAN","FR33111","urban","Fond",60.7,9,2018,6.349723082,45.27471893,7.2,16.2,5.6
129,"LOIRE","Veauche","VEAUCHE","FR29427","suburban","Industrielle",,8,2018,4.298550264,45.56581455,,,
10,"RHONE","Lyon","LYON Centre","FR20062","urban","Fond",89.7,7,2018,4.853725888,45.75799123,17.5,19.3,
61,"RHONE","Villefranche-sur-SaÃ´ne","VILLEFRANCHE Village","FR20061","urban","Fond",,12,2018,4.719285546,45.98637779,,,
37,"PUY-DE-DOME","Clermont-Ferrand","Montferrand","FR07004","urban","Fond",41.6,1,2018,3.113828888,45.79729717,21.2,,
15,"ISERE","Roussillon","ROUSSILLON","FR27002","urban","Fond",38.7,2,2018,4.805142184,45.36778213,27.6,27.7,
39,"PUY-DE-DOME","Clermont-Ferrand","Jardin Lecoq","FR07009","urban","Fond",81.3,8,2018,3.087501101,45.77219697,11.5,14.7,
29,"HAUTE-SAVOIE","Annecy","LOVERCHY","FR33201","urban","Fond",39.4,3,2018,6.118449775,45.89538066,32.2,20.2,
32,"HAUTE-SAVOIE","Passy","PASSY","FR33220","suburban","Fond",18.4,12,2018,6.713642902,45.9235436,,28.5,
132,"LOIRE","Saint-Ã‰tienne","COUBERTIN","FR29421","suburban","Fond",,8,2018,4.389781793,45.46673742,,,
88,"RHONE","Villeurbanne","CROIX LUIZET","FR20020","urban","Fond",,12,2018,4.894029845,45.77641745,,,
70,"RHONE","Lyon","GARIBALDI","FR20003","urban","Trafic",,7,2018,4.850295216,45.7681358,,,
72,"RHONE","Lyon","GARIBALDI","FR20003","urban","Trafic",,1,2018,4.850295216,45.7681358,,,
34,"ISERE","Saint-Martin-d'HÃ¨res","St Martin dHeres","FR15038","urban","Fond",55.9,9,2018,5.75310114,45.18279644,21.6,18.2,
12,"RHONE","Pusignan","SAINT EXUPERY","FR20048","suburban","Fond",79.7,5,2018,5.070377771,45.75485265,7.5,13.4,
23,"HAUTE-SAVOIE","Annecy","LOVERCHY","FR33201","urban","Fond",59.4,9,2018,6.118449775,45.89538066,24.1,19.6,
36,"DROME","Valence","Valence Urb. Centre","FR36002","urban","Fond",37.1,2,2018,4.893674494,44.93318986,26.4,23.6,
5,"ISERE","Grenoble","Grenoble Les Frenes","FR15043","urban","Fond",26.6,12,2017,5.735603366,45.16187407,31.5,19.6,1.5
26,"SAVOIE","Saint-Jean-de-Maurienne","SAINT JEAN","FR33111","urban","Fond",36.5,2,2018,6.349723082,45.27471893,19.2,19.9,6.9
39,"RHONE","Vaulx-en-Velin","VAULX EN VELIN","FR20046","urban","Fond",38.3,10,2018,4.924700509,45.77887089,,20.5,
128,"LOIRE","Veauche","VEAUCHE","FR29427","suburban","Industrielle",,7,2018,4.298550264,45.56581455,,,
8,"AIN","Miribel","COTIERE AIN","FR20047","suburban","Fond",24.0,11,2018,4.953959787,45.82322611,10.5,15.3,
38,"PUY-DE-DOME","Clermont-Ferrand","Jardin Lecoq","FR07009","urban","Fond",46.5,1,2018,3.087501101,45.77219697,23.2,8.2,
15,"ISERE","Roussillon","ROUSSILLON","FR27002","urban","Fond",32.5,1,2018,4.805142184,45.36778213,27.4,20.1,
21,"LOIRE","Saint-Ã‰tienne","SAINT ETIENNE SUD","FR29424","urban","Fond",41.3,1,2018,4.395419639,45.4201064,21.7,8.6,
4,"ISERE","Saint-Martin-d'HÃ¨res","St Martin dHeres","FR15038","urban","Fond",27.3,2,2018,5.75310114,45.18279644,34.1,24.5,
28,"HAUTE-SAVOIE","Passy","PASSY","FR33220","suburban","Fond",10.7,11,2018,6.713642902,45.9235436,,30.1,
54,"ISERE","Vienne","Vienne Estressin","FR27102","suburban","Fond",,7,2018,4.863904251,45.53975628,,,
100,"ISERE","Vienne","Vienne Centre","FR27004","urban","Fond",,3,2018,4.875409555,45.52596386,,,
35,"PUY-DE-DOME","Clermont-Ferrand","Jardin Lecoq","FR07009","urban","Fond",85.0,7,2018,3.087501101,45.77219697,13.8,16.4,
60,"RHONE","Villefranche-sur-SaÃ´ne","VILLEFRANCHE Village","FR20061","urban","Fond",,1,2018,4.719285546,45.98637779,,,
110,"ISERE","Grenoble","Villeneuve","FR15008","suburban","Fond",,11,2018,5.736395372,45.16140417,,,
53,"SAVOIE","ChambÃ©ry","PASTEUR","FR33101","urban","Fond",64.1,4,2018,5.928435518,45.56462103,20.0,13.8,
106,"LOIRE","Firminy","FIRMINY","FR29425","urban","Fond",,1,2018,4.281682417,45.38796299,,,
20,"SAVOIE","ChambÃ©ry","PASTEUR","FR33101","urban","Fond",31.5,10,2018,5.928435518,45.56462103,26.1,17.7,
30,"HAUTE-SAVOIE","Passy","PASSY","FR33220","suburban","Fond",23.9,12,2017,6.713642902,45.9235436,32.6,29.4,
68,"ISERE","Fontaine","Fontaine Les Balmes","FR15017","urban","Fond",,11,2018,5.686968799,45.19044442,,,
71,"ISERE","Fontaine","Fontaine Les Balmes","FR15017","urban","Fond",,5,2018,5.686968799,45.19044442,,,
54,"ISERE","Vienne","Vienne Estressin","FR27102","suburban","Fond",,12,2017,4.863904251,45.53975628,,,
10,"AIN","Miribel","COTIERE AIN","FR20047","suburban","Fond",43.3,10,2018,4.953959787,45.82322611,7.7,16.5,
93,"PUY-DE-DOME","Clermont-Ferrand","Centre Ville","FR07003","urban","Fond",,9,2018,3.083334107,45.77364091,,,
9,"AIN","Miribel","COTIERE AIN","FR20047","suburban","Fond",75.2,4,2018,4.953959787,45.82322611,14.9,14.6,
108,"HAUTE-SAVOIE","Annemasse","ANNEMASSE","FR33211","urban","Fond",,7,2018,6.240562703,46.19584661,9.9,16.8,
112,"ISERE","Grenoble","Villeneuve","FR15008","suburban","Fond",,5,2018,5.736395372,45.16140417,,,
86,"ISERE","Grenoble","Grenoble Les Frenes","FR15043","urban","Fond",,7,2018,5.735603366,45.16187407,12.4,17.5,0.2
8,"RHONE","Vaulx-en-Velin","VAULX EN VELIN","FR20046","urban","Fond",73.6,4,2018,4.924700509,45.77887089,21.3,15.8,
20,"LOIRE","Roanne","ROANNE","FR29423","urban","Fond",40.5,2,2018,4.074653898,46.04106794,22.8,19.3,
32,"HAUTE-SAVOIE","Passy","PASSY","FR33220","suburban","Fond",62.2,5,2018,6.713642902,45.9235436,6.9,16.0,
26,"SAVOIE","Saint-Jean-de-Maurienne","SAINT JEAN","FR33111","urban","Fond",57.4,3,2018,6.349723082,45.27471893,13.5,10.3,6.7
14,"SAVOIE","ChambÃ©ry","CHAMBERY LE HAUT","FR33102","urban","Fond",84.3,8,2018,5.918616424,45.59668502,7.5,12.9,
48,"PUY-DE-DOME","Clermont-Ferrand","Montferrand","FR07004","urban","Fond",39.4,12,2017,3.113828888,45.79729717,21.5,,
36,"DROME","Valence","Valence Urb. Centre","FR36002","urban","Fond",79.0,8,2018,4.893674494,44.93318986,12.4,14.5,
23,"ISERE","Saint-Martin-d'HÃ¨res","St Martin dHeres","FR15038","urban","Fond",70.6,8,2018,5.75310114,45.18279644,13.9,14.9,
93,"PUY-DE-DOME","Clermont-Ferrand","Centre Ville","FR07003","urban","Fond",,4,2018,3.083334107,45.77364091,,,
26,"HAUTE-SAVOIE","Chamonix-Mont-Blanc","CHAMONIX","FR33120","urban","Fond",19.2,12,2018,6.869996699,45.92253686,34.7,19.5,
40,"PUY-DE-DOME","Clermont-Ferrand","Montferrand","FR07004","urban","Fond",36.7,12,2018,3.113828888,45.79729717,22.0,,
132,"LOIRE","Saint-Ã‰tienne","COUBERTIN","FR29421","suburban","Fond",,9,2018,4.389781793,45.46673742,,,
11,"AIN","Miribel","COTIERE AIN","FR20047","suburban","Fond",73.8,5,2018,4.953959787,45.82322611,9.9,13.2,
34,"PUY-DE-DOME","Clermont-Ferrand","Montferrand","FR07004","urban","Fond",79.3,7,2018,3.113828888,45.79729717,14.7,,
33,"HAUTE-SAVOIE","Saint-Germain-sur-RhÃ´ne","St Germain/RhÃ´ne","FR33302","rural-nearcity","Fond",61.6,3,2018,5.820837783,46.07223918,10.6,13.4,1.0
56,"RHONE","Villefranche-sur-SaÃ´ne","VILLEFRANCHE Village","FR20061","urban","Fond",,6,2018,4.719285546,45.98637779,,,
20,"LOIRE","Roanne","ROANNE","FR29423","urban","Fond",41.1,1,2018,4.074653898,46.04106794,20.2,9.7,
95,"PUY-DE-DOME","Clermont-Ferrand","Centre Ville","FR07003","urban","Fond",,3,2018,3.083334107,45.77364091,,,
31,"DROME","Valence","Valence Urb. Centre","FR36002","urban","Fond",94.6,7,2018,4.893674494,44.93318986,15.8,17.7,
27,"HAUTE-SAVOIE","Passy","PASSY","FR33220","suburban","Fond",74.1,6,2018,6.713642902,45.9235436,5.4,17.6,
132,"LOIRE","Saint-Ã‰tienne","COUBERTIN","FR29421","suburban","Fond",,2,2018,4.389781793,45.46673742,,,
21,"SAVOIE","ChambÃ©ry","CHAMBERY LE HAUT","FR33102","urban","Fond",101.0,7,2018,5.918616424,45.59668502,8.7,15.4,
22,"HAUTE-SAVOIE","Chamonix-Mont-Blanc","CHAMONIX","FR33120","urban","Fond",24.6,11,2018,6.869996699,45.92253686,25.5,15.3,
70,"ISERE","Fontaine","Fontaine Les Balmes","FR15017","urban","Fond",,12,2018,5.686968799,45.19044442,,,
105,"LOIRE","Firminy","FIRMINY","FR29425","urban","Fond",,7,2018,4.281682417,45.38796299,,,
24,"SAVOIE","ChambÃ©ry","PASTEUR","FR33101","urban","Fond",43.5,3,2018,5.928435518,45.56462103,27.7,13.4,
129,"LOIRE","Veauche","VEAUCHE","FR29427","suburban","Industrielle",,2,2018,4.298550264,45.56581455,,,
58,"RHONE","Villefranche-sur-SaÃ´ne","VILLEFRANCHE Village","FR20061","urban","Fond",,12,2017,4.719285546,45.98637779,,,
33,"HAUTE-SAVOIE","Saint-Germain-sur-RhÃ´ne","St Germain/RhÃ´ne","FR33302","rural-nearcity","Fond",51.6,2,2018,5.820837783,46.07223918,10.3,17.7,0.9
28,"HAUTE-SAVOIE","Saint-Germain-sur-RhÃ´ne","St Germain/RhÃ´ne","FR33302","rural-nearcity","Fond",77.7,9,2018,5.820837783,46.07223918,4.7,12.1,-0.2
5,"ISERE","Grenoble","Grenoble Les Frenes","FR15043","urban","Fond",12.5,12,2018,5.735603366,45.16187407,30.8,20.0,1.5
12,"LOIRE","Roanne","ROANNE","FR29423","urban","Fond",74.1,8,2018,4.074653898,46.04106794,12.1,9.6,
58,"RHONE","Villefranche-sur-SaÃ´ne","VILLEFRANCHE Village","FR20061","urban","Fond",,7,2018,4.719285546,45.98637779,,,
29,"HAUTE-SAVOIE","Annemasse","ANNEMASSE","FR33211","urban","Fond",30.2,1,2018,6.240562703,46.19584661,22.6,14.3,
34,"PUY-DE-DOME","Clermont-Ferrand","Montferrand","FR07004","urban","Fond",63.1,6,2018,3.113828888,45.79729717,14.0,,
9,"RHONE","Ternay","TERNAY","FR20037","suburban","Fond",43.1,2,2018,4.802195719,45.60192128,24.3,24.8,
93,"PUY-DE-DOME","Clermont-Ferrand","Centre Ville","FR07003","urban","Fond",,10,2018,3.083334107,45.77364091,,,
17,"LOIRE","Saint-Chamond","SAINT-CHAMOND","FR29426","urban","Fond",57.4,9,2018,4.514999613,45.47529369,25.9,13.0,
94,"PUY-DE-DOME","Clermont-Ferrand","Centre Ville","FR07003","urban","Fond",,5,2018,3.083334107,45.77364091,,,
27,"HAUTE-SAVOIE","Passy","PASSY","FR33220","suburban","Fond",88.6,7,2018,6.713642902,45.9235436,7.6,19.4,
11,"AIN","Miribel","COTIERE AIN","FR20047","suburban","Fond",34.0,12,2017,4.953959787,45.82322611,,15.0,
39,"PUY-DE-DOME","Clermont-Ferrand","Montferrand","FR07004","urban","Fond",41.1,2,2018,3.113828888,45.79729717,23.3,,
31,"DROME","Valence","Valence Urb. Centre","FR36002","urban","Fond",69.3,9,2018,4.893674494,44.93318986,18.0,16.5,
109,"SAVOIE","Saint-Jean-de-Maurienne","SAINT JEAN","FR33111","urban","Fond",,4,2018,6.349723082,45.27471893,4.2,13.6,6.0
40,"LOIRE","Roanne","ROANNE","FR29423","urban","Fond",62.8,9,2018,4.074653898,46.04106794,19.4,11.4,
20,"LOIRE","Roanne","ROANNE","FR29423","urban","Fond",58.4,3,2018,4.074653898,46.04106794,20.2,10.5,
36,"DROME","Valence","Valence Urb. Centre","FR36002","urban","Fond",52.1,3,2018,4.893674494,44.93318986,24.2,12.7,
61,"RHONE","Villefranche-sur-SaÃ´ne","VILLEFRANCHE Village","FR20061","urban","Fond",,8,2018,4.719285546,45.98637779,,,
24,"HAUTE-SAVOIE","Annecy","LOVERCHY","FR33201","urban","Fond",8.5,11,2018,6.118449775,45.89538066,,23.9,
131,"LOIRE","Saint-Ã‰tienne","COUBERTIN","FR29421","suburban","Fond",,4,2018,4.389781793,45.46673742,,,
20,"SAVOIE","ChambÃ©ry","CHAMBERY LE HAUT","FR33102","urban","Fond",69.8,9,2018,5.918616424,45.59668502,11.7,,
28,"HAUTE-SAVOIE","Annecy","LOVERCHY","FR33201","urban","Fond",54.9,5,2018,6.118449775,45.89538066,13.6,15.9,
93,"PUY-DE-DOME","Clermont-Ferrand","Centre Ville","FR07003","urban","Fond",,11,2018,3.083334107,45.77364091,,,
2,"ISERE","Fontaine","Fontaine Les Balmes","FR15017","urban","Fond",24.7,1,2018,5.686968799,45.19044442,31.9,12.4,
131,"LOIRE","Saint-Ã‰tienne","COUBERTIN","FR29421","suburban","Fond",,10,2018,4.389781793,45.46673742,,,
73,"RHONE","Lyon","GARIBALDI","FR20003","urban","Trafic",,9,2018,4.850295216,45.7681358,,,
61,"AIN","Miribel","COTIERE AIN","FR20047","suburban","Fond",,6,2018,4.953959787,45.82322611,9.4,9.8,
12,"RHONE","Pusignan","SAINT EXUPERY","FR20048","suburban","Fond",38.5,12,2017,5.070377771,45.75485265,16.9,13.1,
40,"PUY-DE-DOME","Clermont-Ferrand","Jardin Lecoq","FR07009","urban","Fond",66.9,3,2018,3.087501101,45.77219697,19.0,8.7,
62,"RHONE","Villefranche-sur-SaÃ´ne","VILLEFRANCHE Village","FR20061","urban","Fond",,2,2018,4.719285546,45.98637779,,,
31,"HAUTE-SAVOIE","Passy","PASSY","FR33220","suburban","Fond",23.1,1,2018,6.713642902,45.9235436,27.2,28.7,
24,"SAVOIE","ChambÃ©ry","PASTEUR","FR33101","urban","Fond",57.1,5,2018,5.928435518,45.56462103,13.5,13.1,
31,"HAUTE-SAVOIE","Annemasse","ANNEMASSE","FR33211","urban","Fond",45.2,3,2018,6.240562703,46.19584661,30.1,17.7,
38,"PUY-DE-DOME","Clermont-Ferrand","Montferrand","FR07004","urban","Fond",75.7,8,2018,3.113828888,45.79729717,11.6,,
4,"ISERE","Saint-Martin-d'HÃ¨res","St Martin dHeres","FR15038","urban","Fond",67.1,4,2018,5.75310114,45.18279644,16.7,18.4,
108,"LOIRE","Firminy","FIRMINY","FR29425","urban","Fond",,2,2018,4.281682417,45.38796299,,,
18,"LOIRE","Saint-Chamond","SAINT-CHAMOND","FR29426","urban","Fond",23.8,11,2018,4.514999613,45.47529369,30.2,15.9,
99,"ISERE","Vienne","Vienne Centre","FR27004","urban","Fond",,5,2018,4.875409555,45.52596386,,,
110,"ISERE","Grenoble","Villeneuve","FR15008","suburban","Fond",,6,2018,5.736395372,45.16140417,,,
108,"LOIRE","Firminy","FIRMINY","FR29425","urban","Fond",,3,2018,4.281682417,45.38796299,,,
7,"RHONE","Vaulx-en-Velin","VAULX EN VELIN","FR20046","urban","Fond",22.4,11,2018,4.924700509,45.77887089,,18.3,
23,"HAUTE-SAVOIE","Chamonix-Mont-Blanc","CHAMONIX","FR33120","urban","Fond",74.1,7,2018,6.869996699,45.92253686,14.3,15.2,
4,"ISERE","Saint-Martin-d'HÃ¨res","St Martin dHeres","FR15038","urban","Fond",25.8,10,2018,5.75310114,45.18279644,25.8,20.8,
89,"RHONE","Villeurbanne","CROIX LUIZET","FR20020","urban","Fond",,2,2018,4.894029845,45.77641745,,,
19,"LOIRE","Roanne","ROANNE","FR29423","urban","Fond",72.6,4,2018,4.074653898,46.04106794,14.3,10.6,
4,"ISERE","Saint-Martin-d'HÃ¨res","St Martin dHeres","FR15038","urban","Fond",45.0,3,2018,5.75310114,45.18279644,24.1,15.2,
21,"LOIRE","Saint-Ã‰tienne","SAINT ETIENNE SUD","FR29424","urban","Fond",38.8,2,2018,4.395419639,45.4201064,25.4,19.0,
25,"SAVOIE","ChambÃ©ry","CHAMBERY LE HAUT","FR33102","urban","Fond",56.3,3,2018,5.918616424,45.59668502,16.4,12.8,
75,"RHONE","Pusignan","SAINT EXUPERY","FR20048","suburban","Fond",,6,2018,5.070377771,45.75485265,7.3,12.7,
67,"ISERE","Fontaine","Fontaine Les Balmes","FR15017","urban","Fond",,7,2018,5.686968799,45.19044442,,,
13,"RHONE","Pusignan","SAINT EXUPERY","FR20048","suburban","Fond",32.1,12,2018,5.070377771,45.75485265,16.7,14.0,
12,"AIN","Miribel","COTIERE AIN","FR20047","suburban","Fond",22.1,12,2018,4.953959787,45.82322611,11.3,16.4,
57,"ISERE","Vienne","Vienne Estressin","FR27102","suburban","Fond",,8,2018,4.863904251,45.53975628,,,
98,"ISERE","Vienne","Vienne Centre","FR27004","urban","Fond",,11,2018,4.875409555,45.52596386,,,
22,"HAUTE-SAVOIE","Chamonix-Mont-Blanc","CHAMONIX","FR33120","urban","Fond",70.0,6,2018,6.869996699,45.92253686,10.3,13.9,
33,"DROME","Valence","Valence Urb. Centre","FR36002","urban","Fond",46.6,10,2018,4.893674494,44.93318986,20.1,17.9,
22,"SAVOIE","Saint-Jean-de-Maurienne","SAINT JEAN","FR33111","urban","Fond",45.3,10,2018,6.349723082,45.27471893,12.1,16.8,7.1
37,"ISERE","Roussillon","ROUSSILLON","FR27002","urban","Fond",58.6,9,2018,4.805142184,45.36778213,26.5,20.4,
111,"ISERE","Grenoble","Villeneuve","FR15008","suburban","Fond",,12,2017,5.736395372,45.16140417,,,
24,"ISERE","Grenoble","Grenoble Les Frenes","FR15043","urban","Fond",75.3,8,2018,5.735603366,45.16187407,11.9,14.7,0.2
43,"PUY-DE-DOME","Clermont-Ferrand","Jardin Lecoq","FR07009","urban","Fond",65.9,9,2018,3.087501101,45.77219697,18.4,14.5,
55,"LOIRE","Saint-Chamond","SAINT-CHAMOND","FR29426","urban","Fond",63.3,5,2018,4.514999613,45.47529369,20.5,13.7,
25,"HAUTE-SAVOIE","Annecy","LOVERCHY","FR33201","urban","Fond",28.5,10,2018,6.118449775,45.89538066,,25.0,
16,"LOIRE","Saint-Ã‰tienne","SAINT ETIENNE SUD","FR29424","urban","Fond",65.2,9,2018,4.395419639,45.4201064,16.4,14.5,
2,"ISERE","Fontaine","Fontaine Les Balmes","FR15017","urban","Fond",20.3,12,2017,5.686968799,45.19044442,38.5,17.3,
73,"RHONE","Lyon","GARIBALDI","FR20003","urban","Trafic",,8,2018,4.850295216,45.7681358,,,
129,"LOIRE","Veauche","VEAUCHE","FR29427","suburban","Industrielle",,3,2018,4.298550264,45.56581455,,,
15,"ISERE","Roussillon","ROUSSILLON","FR27002","urban","Fond",49.9,3,2018,4.805142184,45.36778213,23.9,19.2,
25,"SAVOIE","ChambÃ©ry","CHAMBERY LE HAUT","FR33102","urban","Fond",37.6,2,2018,5.918616424,45.59668502,22.9,21.2,
11,"RHONE","Pusignan","SAINT EXUPERY","FR20048","suburban","Fond",39.0,1,2018,5.070377771,45.75485265,15.5,11.6,
8,"RHONE","Lyon","GERLAND","FR20017","urban","Fond",64.2,5,2018,4.829800054,45.73532325,17.3,18.3,
43,"PUY-DE-DOME","Clermont-Ferrand","Jardin Lecoq","FR07009","urban","Fond",48.3,10,2018,3.087501101,45.77219697,21.9,18.1,
21,"LOIRE","Saint-Chamond","SAINT-CHAMOND","FR29426","urban","Fond",72.8,4,2018,4.514999613,45.47529369,21.1,12.1,
98,"ISERE","Vienne","Vienne Centre","FR27004","urban","Fond",,10,2018,4.875409555,45.52596386,,,
18,"LOIRE","Saint-Chamond","SAINT-CHAMOND","FR29426","urban","Fond",39.3,10,2018,4.514999613,45.47529369,27.4,17.7,
98,"ISERE","Vienne","Vienne Centre","FR27004","urban","Fond",,4,2018,4.875409555,45.52596386,,,
7,"RHONE","Ternay","TERNAY","FR20037","suburban","Fond",62.6,9,2018,4.802195719,45.60192128,21.8,19.8,
31,"HAUTE-SAVOIE","Annemasse","ANNEMASSE","FR33211","urban","Fond",35.0,2,2018,6.240562703,46.19584661,24.1,23.1,
13,"LOIRE","Saint-Ã‰tienne","SAINT ETIENNE SUD","FR29424","urban","Fond",80.0,8,2018,4.395419639,45.4201064,9.0,12.8,
88,"RHONE","Lyon","GERLAND","FR20017","urban","Fond",,11,2018,4.829800054,45.73532325,37.1,19.1,
26,"HAUTE-SAVOIE","Annecy","LOVERCHY","FR33201","urban","Fond",57.9,4,2018,6.118449775,45.89538066,22.5,21.2,
16,"LOIRE","Roanne","ROANNE","FR29423","urban","Fond",47.2,10,2018,4.074653898,46.04106794,19.8,14.6,
21,"LOIRE","Saint-Ã‰tienne","SAINT ETIENNE SUD","FR29424","urban","Fond",60.1,3,2018,4.395419639,45.4201064,19.7,8.7,
87,"RHONE","Villeurbanne","CROIX LUIZET","FR20020","urban","Fond",,1,2018,4.894029845,45.77641745,,,
25,"HAUTE-SAVOIE","Chamonix-Mont-Blanc","CHAMONIX","FR33120","urban","Fond",28.4,1,2018,6.869996699,45.92253686,38.8,15.0,
5,"ISERE","Grenoble","Grenoble Les Frenes","FR15043","urban","Fond",30.2,2,2018,5.735603366,45.16187407,26.2,22.5,1.0
31,"HAUTE-SAVOIE","Saint-Germain-sur-RhÃ´ne","St Germain/RhÃ´ne","FR33302","rural-nearcity","Fond",81.5,4,2018,5.820837783,46.07223918,5.3,14.1,0.9
129,"LOIRE","Veauche","VEAUCHE","FR29427","suburban","Industrielle",,9,2018,4.298550264,45.56581455,,,
10,"RHONE","Vaulx-en-Velin","VAULX EN VELIN","FR20046","urban","Fond",74.2,5,2018,4.924700509,45.77887089,18.4,15.2,
25,"HAUTE-SAVOIE","Chamonix-Mont-Blanc","CHAMONIX","FR33120","urban","Fond",20.0,12,2017,6.869996699,45.92253686,46.8,21.4,
21,"SAVOIE","Saint-Jean-de-Maurienne","SAINT JEAN","FR33111","urban","Fond",27.6,11,2018,6.349723082,45.27471893,17.9,15.1,6.0
76,"RHONE","Pusignan","SAINT EXUPERY","FR20048","suburban","Fond",,7,2018,5.070377771,45.75485265,9.1,16.5,
7,"RHONE","Ternay","TERNAY","FR20037","suburban","Fond",70.7,4,2018,4.802195719,45.60192128,15.6,17.3,
36,"RHONE","Lyon","GERLAND","FR20017","urban","Fond",34.7,10,2018,4.829800054,45.73532325,35.9,21.7,
7,"RHONE","Lyon","LYON Centre","FR20062","urban","Fond",79.9,8,2018,4.853725888,45.75799123,14.5,15.6,
75,"RHONE","Lyon","GARIBALDI","FR20003","urban","Trafic",,2,2018,4.850295216,45.7681358,,,
57,"ISERE","Vienne","Vienne Estressin","FR27102","suburban","Fond",,9,2018,4.863904251,45.53975628,,,
87,"RHONE","Villeurbanne","CROIX LUIZET","FR20020","urban","Fond",,8,2018,4.894029845,45.77641745,,,
74,"RHONE","Lyon","GARIBALDI","FR20003","urban","Trafic",,3,2018,4.850295216,45.7681358,,,
109,"HAUTE-SAVOIE","Annemasse","ANNEMASSE","FR33211","urban","Fond",,8,2018,6.240562703,46.19584661,7.8,13.7,
111,"ISERE","Grenoble","Villeneuve","FR15008","suburban","Fond",,12,2018,5.736395372,45.16140417,,,
106,"LOIRE","Firminy","FIRMINY","FR29425","urban","Fond",,9,2018,4.281682417,45.38796299,,,
58,"ISERE","Vienne","Vienne Estressin","FR27102","suburban","Fond",,2,2018,4.863904251,45.53975628,,,
13,"RHONE","Lyon","LYON Centre","FR20062","urban","Fond",52.1,3,2018,4.853725888,45.75799123,29.5,15.8,
110,"SAVOIE","Saint-Jean-de-Maurienne","SAINT JEAN","FR33111","urban","Fond",,5,2018,6.349723082,45.27471893,5.0,13.6,7.1
9,"RHONE","Ternay","TERNAY","FR20037","suburban","Fond",54.7,3,2018,4.802195719,45.60192128,20.8,15.8,
12,"RHONE","Lyon","LYON Centre","FR20062","urban","Fond",60.2,9,2018,4.853725888,45.75799123,29.1,20.9,
30,"HAUTE-SAVOIE","Saint-Germain-sur-RhÃ´ne","St Germain/RhÃ´ne","FR33302","rural-nearcity","Fond",51.7,10,2018,5.820837783,46.07223918,,14.1,0.3
132,"LOIRE","Saint-Ã‰tienne","COUBERTIN","FR29421","suburban","Fond",,3,2018,4.389781793,45.46673742,,,
25,"HAUTE-SAVOIE","Annemasse","ANNEMASSE","FR33211","urban","Fond",66.5,9,2018,6.240562703,46.19584661,14.8,16.8,
6,"RHONE","Lyon","GERLAND","FR20017","urban","Fond",66.7,4,2018,4.829800054,45.73532325,25.7,16.0,
13,"RHONE","Lyon","LYON Centre","FR20062","urban","Fond",38.9,2,2018,4.853725888,45.75799123,25.7,23.4,
85,"RHONE","Villeurbanne","CROIX LUIZET","FR20020","urban","Fond",,7,2018,4.894029845,45.77641745,,,
7,"RHONE","Ternay","TERNAY","FR20037","suburban","Fond",42.9,10,2018,4.802195719,45.60192128,21.0,23.1,
20,"SAVOIE","ChambÃ©ry","PASTEUR","FR33101","urban","Fond",10.8,11,2018,5.928435518,45.56462103,28.1,19.0,
